{
    "parent": "minecraft:item/generated",
    "textures": {
      "layer0": "minecraft:item/scute"
    },
    "overrides": [
    	{
	      "predicate": { "custom_model_data": 959 },
	      "model": "lssmp:item/silver_coin"
	    },
    	{
	      "predicate": { "custom_model_data": 960 },
	      "model": "lssmp:item/gold_coin"
	    },
    	{
	      "predicate": { "custom_model_data": 961 },
	      "model": "lssmp:item/gold_bar"
	    },
	    {
	      "predicate": { "custom_model_data": 962 },
	      "model": "lssmp:item/pouch"
	    },
    	{
	      "predicate": { "custom_model_data": 963 },
	      "model": "lssmp:item/pepper_jar"
	    },
	    {
	      "predicate": { "custom_model_data": 964 },
	      "model": "lssmp:item/crusader_gem"
	    },
	    {
	      "predicate": { "custom_model_data": 965 },
	      "model": "lssmp:item/crusader_handle"
	    },
	    {
	      "predicate": { "custom_model_data": 966 },
	      "model": "lssmp:item/crusader_blade"
	    }

    ]
  }