{
	"credit": "Made with Blockbench",
	"ambientocclusion": false,
	"textures": {
		"anvil_base": "block/anvil_base",
		"base": "entity/shield_base_trimmed"
	},
	"elements": [
		{
			"from": [2, 6.6, 2],
			"to": [3, 12.7, 14],
			"faces": {
				"north": {"uv": [1, 4, 2, 7], "texture": "#anvil_base"},
				"south": {"uv": [1, 4, 2, 7], "texture": "#anvil_base"},
				"up": {"uv": [1, 1, 2, 15], "texture": "#anvil_base"},
				"down": {"uv": [1, 1, 2, 15], "texture": "#anvil_base"}
			}
		},
		{
			"from": [2, 12.7, 2],
			"to": [3, 13.6, 14],
			"faces": {
				"north": {"uv": [13, 3, 14, 4], "texture": "#anvil_base"},
				"south": {"uv": [2, 2.3, 3, 3.3], "texture": "#anvil_base"},
				"up": {"uv": [2, 1.7, 3, 13.8], "texture": "#anvil_base"},
				"down": {"uv": [14, 14, 13, 2], "texture": "#anvil_base"}
			}
		},
		{
			"from": [2, 13.6, 2.7],
			"to": [3, 14.3, 13.3],
			"faces": {
				"north": {"uv": [13, 2, 14, 3], "texture": "#anvil_base"},
				"south": {"uv": [2, 1.6, 3, 2.3], "texture": "#anvil_base"},
				"up": {"uv": [2, 2.4, 3, 13.1], "texture": "#anvil_base"},
				"down": {"uv": [14, 12, 13, 4], "texture": "#anvil_base"}
			}
		},
		{
			"from": [2, 14.3, 6.2],
			"to": [3, 15, 9.8],
			"faces": {
				"north": {"uv": [13, 1, 14, 2], "texture": "#anvil_base"},
				"south": {"uv": [2, 1, 3, 1.6], "texture": "#anvil_base"},
				"up": {"uv": [2, 6, 3, 9.6], "texture": "#anvil_base"},
				"down": {"uv": [14, 9, 13, 7], "texture": "#anvil_base"}
			}
		},
		{
			"from": [2, 5.2, 2.7],
			"to": [3, 6.6, 13.3],
			"faces": {
				"north": {"uv": [13, 7, 14, 10], "texture": "#anvil_base"},
				"south": {"uv": [2, 9.3, 3, 10.8], "texture": "#anvil_base"},
				"up": {"uv": [2, 2.4, 3, 13.1], "texture": "#anvil_base"},
				"down": {"uv": [14, 14, 13, 2], "texture": "#anvil_base"}
			}
		},
		{
			"from": [2, 3.1, 4.8],
			"to": [3, 3.8, 11.2],
			"faces": {
				"north": {"uv": [13, 10, 14, 12], "texture": "#anvil_base"},
				"south": {"uv": [2, 12.2, 3, 12.9], "texture": "#anvil_base"},
				"up": {"uv": [2, 4.5, 3, 11], "texture": "#anvil_base"},
				"down": {"uv": [14, 13, 13, 3], "texture": "#anvil_base"}
			}
		},
		{
			"from": [2, 2.4, 5.5],
			"to": [3, 3.1, 10.5],
			"faces": {
				"north": {"uv": [13, 12, 14, 13], "texture": "#anvil_base"},
				"south": {"uv": [2, 12.9, 3, 13.6], "texture": "#anvil_base"},
				"up": {"uv": [2, 5.3, 3, 10.3], "texture": "#anvil_base"},
				"down": {"uv": [14, 12, 13, 4], "texture": "#anvil_base"}
			}
		},
		{
			"from": [2, 1.7, 6.2],
			"to": [3, 2.4, 9.8],
			"faces": {
				"north": {"uv": [13, 13, 14, 14], "texture": "#anvil_base"},
				"south": {"uv": [2, 13.6, 3, 14.3], "texture": "#anvil_base"},
				"up": {"uv": [2, 6, 3, 9.5], "texture": "#anvil_base"},
				"down": {"uv": [14, 11, 13, 5], "texture": "#anvil_base"}
			}
		},
		{
			"from": [2, 1, 6.9],
			"to": [3, 1.7, 9.1],
			"faces": {
				"north": {"uv": [13, 14, 14, 15], "texture": "#anvil_base"},
				"south": {"uv": [2, 14.3, 3, 15], "texture": "#anvil_base"},
				"up": {"uv": [2, 6.7, 3, 8.8], "texture": "#anvil_base"},
				"down": {"uv": [14, 9, 13, 7], "texture": "#anvil_base"}
			}
		},
		{
			"from": [-1, 10, 8],
			"to": [2, 11, 9],
			"faces": {
				"north": {"uv": [14, 5, 16, 6], "texture": "#anvil_base"},
				"east": {"uv": [1, 1, 2, 2], "texture": "#anvil_base"},
				"south": {"uv": [0, 5, 2, 6], "texture": "#anvil_base"},
				"west": {"uv": [1, 1, 2, 2], "texture": "#anvil_base"},
				"up": {"uv": [0, 8, 2, 9], "texture": "#anvil_base"},
				"down": {"uv": [16, 9, 14, 8], "texture": "#anvil_base"}
			}
		},
		{
			"from": [-1, 5, 8],
			"to": [2, 6, 9],
			"faces": {
				"north": {"uv": [14, 10, 16, 11], "texture": "#anvil_base"},
				"east": {"uv": [0, 0, 1, 1], "texture": "#anvil_base"},
				"south": {"uv": [0, 10, 2, 11], "texture": "#anvil_base"},
				"west": {"uv": [0, 0, 1, 1], "texture": "#anvil_base"},
				"up": {"uv": [0, 8, 2, 9], "texture": "#anvil_base"},
				"down": {"uv": [16, 9, 14, 8], "texture": "#anvil_base"}
			}
		},
		{
			"from": [-1, 6, 8],
			"to": [0, 10, 9],
			"faces": {
				"north": {"uv": [16, 6, 16, 10], "texture": "#anvil_base"},
				"east": {"uv": [3, 2, 4, 6], "texture": "#anvil_base"},
				"south": {"uv": [0, 6, 0, 10], "texture": "#anvil_base"},
				"west": {"uv": [3, 2, 4, 6], "texture": "#anvil_base"},
				"up": {"uv": [0, 8, 0, 9], "texture": "#anvil_base"},
				"down": {"uv": [16, 9, 16, 8], "texture": "#anvil_base"}
			}
		},
		{
			"name": "shieldface",
			"from": [3, 1, 2],
			"to": [3, 15, 14],
			"faces": {
				"north": {"uv": [0, 0, 0, 0], "texture": "#base"},
				"east": {"uv": [4.5, 1, 0.25, 6], "texture": "#base"},
				"south": {"uv": [0, 0, 0, 0], "texture": "#base"},
				"west": {"uv": [0.25, 1, 4.5, 6], "texture": "#base"},
				"up": {"uv": [0, 0, 0, 0], "texture": "#base"},
				"down": {"uv": [0, 0, 0, 0], "texture": "#base"}
			}
		},
		{
			"name": "shieldback",
			"from": [2, 1, 2],
			"to": [2, 15, 14],
			"faces": {
				"east": {"uv": [4.75, 1, 9, 6], "texture": "#base"},
				"west": {"uv": [9, 1, 4.75, 6], "texture": "#base"}
			}
		},
		{
			"from": [2, 3.8, 4.1],
			"to": [3, 4.5, 11.9],
			"faces": {
				"north": {"uv": [13, 10, 14, 12], "texture": "#anvil_base"},
				"south": {"uv": [2, 11.5, 3, 12.2], "texture": "#anvil_base"},
				"up": {"uv": [2, 3.9, 3, 11.7], "texture": "#anvil_base"},
				"down": {"uv": [14, 13, 13, 3], "texture": "#anvil_base"}
			}
		},
		{
			"from": [2, 4.5, 3.4],
			"to": [3, 5.2, 12.6],
			"faces": {
				"north": {"uv": [13, 10, 14, 12], "texture": "#anvil_base"},
				"south": {"uv": [2, 10.8, 3, 11.5], "texture": "#anvil_base"},
				"up": {"uv": [2, 3.1, 3, 12.4], "texture": "#anvil_base"},
				"down": {"uv": [14, 13, 13, 3], "texture": "#anvil_base"}
			}
		}
	],
	"gui_light": "front",
	"overrides": [
		{
			"predicate": {
				"blocking": 1
			},
			"model": "item/shield_blocking"
		}
	],
	"display": {
        "thirdperson_righthand": {
        "rotation": [ 32, 32, 6 ],
        "translation": [ 6.8, 1.32, -3.4 ]
    },
    "thirdperson_lefthand": {
        "rotation": [ 32, -148, -6 ],
        "translation": [ 6.8, 1.32, -2.4 ]
    },
		"firstperson_righthand": {
			"rotation": [-90, 82.25, 90],
			"translation": [-0.2, -0.5, -2.25]
		},
		"firstperson_lefthand": {
			"rotation": [90, -82.5, 90],
			"translation": [-0.2, -0.5, -2.25]
		},
		"ground": {
			"translation": [3, 0, 0],
			"scale": [0.6, 0.6, 0.6]
		},
		"gui": {
			"rotation": [0, -90, 0]
		},
		"fixed": {
			"rotation": [0, 90, 0],
			"translation": [0, 0, -6]
		}
	}
}